7,turquoise-group,kevinm,51092,jEsBmE3NSvJowaYbR
6,orange-group,suzzo,51092,NgiKgERAhKQL8YWMr
3,pink-group,stefanslater,51092,mEtDwixezCcbppRuv
0,white-group,nathanholbert,51092,DKFdo5hLz4prKH77P
2,green-group,leilah,51092,4gHJC5oj5XPn6KFwJ
1,red-group,shashank,51092,QxCnG5NXC4ZXkYGae
7,turquoise-group,ericklopfer,51092,B63oq95YxdmoJvtSE
6,orange-group,eliza,51092,ShhiKBYDXvcJcW38J
6,orange-group,chris_dede,51092,CBAowstDdLypjTiQ2
3,pink-group,frieda-reichsman,51092,69erZfyZ2m2bL3NR6
0,white-group,elituckerraymond,51092,PMeCX92pgZa6xXxkh
2,green-group,marleenvilleroy,51092,xaXxHyrg5NmAWsiDa
1,red-group,louisa,51092,rDStNutwgedjvTQMc
7,turquoise-group,chaimajemmali,51092,bjiueX8C5Ky6rBTn6
3,pink-group,magy,51092,H9kCeu5DxJhNpEgzL
0,white-group,scoto,51092,WCX5nmJqWbNktQrgp
2,green-group,nithesh,51092,6EkQMNtHAMRnbnwBc
1,red-group,chase,51092,WCwgBhJLyeMw35LQB
7,turquoise-group,casperharteveld,51092,PERuMtdKpwHgaeQx7
6,orange-group,paulmedwal,51092,LCA6wxDCdiaTbNGiK
3,pink-group,bertsnow,51092,eNgq482syDXgvaFh4
0,white-group,s.bunian,51092,JHFo4yQHBjbYyrAnC
2,green-group,chen,51092,RwYjurik5HG6dvKsL
1,red-group,asuth,51092,fYejQoCBuJ7do52zS
7,turquoise-group,meredith,51092,a8YgfsKwCxzLZaMFq
6,orange-group,cschimpf,51092,QiSf62Q2yBeovXFH7
1,red-group,elituckerraymond,2416,sppYQMpBkJ4yTg5sN
6,orange-group,asuth,2416,NQBXhxYGSbeh8f3aK
7,turquoise-group,chen,2416,tuNNkWTjfjLXismTj
7,turquoise-group,eliza,2416,XxpESmMz6pHvDvSNg
0,white-group,nithesh,2416,JnWZdj9rJ6tJxCe4F
0,white-group,kitmartin,2416,ywPtTvgK7fDycmwEx
0,white-group,stefanslater,2416,HCLpH7pWydtGXg42n
3,pink-group,louisa,2416,LiWbxocuQZz8KfKED
4,blue-group,chaimajemmali,2416,dAX9Z7nuxsP4gz43o
1,red-group,cschimpf,2416,e7dFuC3HnR7eiM5Za
6,orange-group,frieda-reichsman,2416,7w6kfnkh2dwrSdG2n
3,pink-group,kevinm,2416,bTbeCHGsAktSQXLQL
4,blue-group,casperharteveld,2416,knjmwfZdqmMXN4Pdz
1,red-group,leilah,2416,B88qn2kem9WkakdbM
1,red-group,magy,2416,QmB9Xi9yYnnSBqnKy
6,orange-group,paulmedwal,2416,YoyaPSxsskmnwxHjf
7,turquoise-group,nathanholbert,2416,s8Eo9FvZ5QwmTW7s9
3,pink-group,chase,2416,6pnyAeKyYKp83s4Aw
4,blue-group,bertsnow,2416,ogZq356hFmTtzZjxm
6,orange-group,ericklopfer,2416,zcnTocedrNz6cLc56
7,turquoise-group,suzzo,2416,vyJbKkugTrm3kqqYX
0,white-group,meredith,2416,BkcDRnNzWvSNX7bwZ
3,pink-group,s.bunian,2416,bX6KoN3zTSew4GFG4
4,blue-group,shashank,2416,nyPj4yKkAWWcuNxtr
1,red-group,marleenvilleroy,2416,hMPeveiBi4h58K7yK
6,orange-group,scoto,2416,cEEN8RR7w9KpLu5uH
7,turquoise-group,chris_dede,2416,XfEYcnoMoQ3NrbhfB
